単語,意味,発音記号,発音,品詞1,品詞2,補足,例文,英検,カテゴリ
(It’s) my pleasure,どういたしまして,-,-,熟語,-,-,-,準2級,-
(just) in case,一応、念のため,-,-,熟語,-,-,-,準2級,-
A as well as B,Aと同じくBも,-,-,熟語,-,AとBは並列の関係なので、品詞は同じになる,-,準2級,-
A besides B,Aと同じくBも,-,-,熟語,-,AとBは並列の関係なので、品詞は同じになる,-,準2級,-
a bunch of Ns,Nの一束（房）ひと束）,-,-,熟語,-,Nはgrape、banana、flower,-,準2級,-
a couple of Ns,2～3の,-,-,熟語,-,-,-,準2級,-
a huge amount of N,大量のN,-,-,熟語,-,-,-,準2級,-
A in addition to B,Aと同じくBも,-,-,熟語,-,AとBは並列の関係なので、品詞は同じになる,-,準2級,-
A instead of B,Bの代わりにA,-,-,熟語,-,等位接続詞なのでAとBは並列の関係,-,準2級,-
a job interview,就職面接,-,-,熟語,-,-,-,準2級,-
a loaf of bread,パン一斤,-,-,熟語,-,-,-,準2級,-
A turned on,Aを活性化する/オンにする,-,-,熟語,-,-,-,準2級,-
a whole year,丸一年,-,-,熟語,名詞,-,-,準2級,-
abandon,辞める,-,-,熟語,-,-,-,準2級,-
abroad,海外,-,-,熟語,-,-,-,準2級,-
according to,～によれば,-,-,熟語,-,-,-,準2級,-
admitt,認める,-,-,熟語,-,-,-,準2級,-
advertise,宣伝する,-,-,熟語,-,-,-,準2級,-
after you,お先にどうぞ,-,-,熟語,-,-,-,準2級,-
ahead of time,前もって,-,-,熟語,副詞,-,-,準2級,-
all year,丸一年,-,-,熟語,名詞,-,-,準2級,-
all year round[around],年中,-,-,熟語,名詞,-,-,準2級,-
although,～だけれども,-,-,熟語,-,-,-,準2級,-
although,～にもかかわらず,-,-,接続詞,-,-,-,準2級,-
and so on,等々,-,-,熟語,-,-,-,準2級,-
above all,何よりもまず,-,-,副詞,-,-,-,準2級,-
after all,結局,-,-,副詞,-,-,-,準2級,-
may have Vpp,Vppしたかもしれない,-,-,熟語,動詞,-,-,準2級,-
can't have Vpp,Vppしたはずがない,-,-,熟語,動詞,-,-,準2級,-
must have Vpp,Vppだったに違いない,-,-,熟語,動詞,-,-,準2級,-
Anything will do.,何でもいいよ,-,-,熟語,-,will do には be OK の よう なニュアンスがある,-,準2級,-
apologize to 人 for A,Aのことで（人）に謝罪する,-,-,熟語,-,-,-,準2級,-
apply for,応募する,-,-,熟語,-,-,-,準2級,-
appreciation,感謝,-,-,名詞,-,-,-,準2級,-
As far as I know,私の知る限りでは,-,-,熟語,-,-,-,準2級,-
as long as A,Aである限りは,-,-,熟語,-,-,-,準2級,-
as usual,いつもの通り,-,-,熟語,-,-,-,準2級,-
asset,資産,-,-,熟語,-,-,-,準2級,-
at the moment,現在,-,-,熟語,-,nowと同じ,,準2級,-
be able to V,Vすることができる,-,-,熟語,-,-,-,準2級,-
be about to V,（今にも）Vするところだ,-,-,熟語,動詞,-,-,準2級,-
be excellent at N,Nに秀でている,-,-,熟語,-,-,-,準2級,-
be familiar with A,Aに詳しい,-,-,熟語,-,-,-,準2級,-
be for N,Nに賛成である,-,-,熟語,-,-,-,準2級,-
be in favor of N,Nに賛成である,-,-,熟語,-,-,-,準2級,-
be latefor N,Nに遅刻する,-,-,熟語,-,-,-,準2級,-
be likely to V,Vする傾向にある,-,-,熟語,-,-,-,準2級,-
be on a diet,ダイエットしている,-,-,熟語,-,-,-,準2級,-
be popular with N,N（人）に人気がある,-,-,熟語,-,-,-,準2級,-
be retired,引退している,-,-,熟語,-,-,-,準2級,-
be satisfied with N,Nに満足している,-,-,熟語,動詞,satisfy(Vo: ～を満足させる)なので、主語自身が満足している場合は、受動態となる,-,準2級,-
be sure to V,必ずVする,-,-,熟語,-,-,-,準2級,-
be tired of Ving,Vするのに飽きている,-,-,熟語,-,-,-,準2級,-
be unable to V,Vすることができない,-,-,熟語,-,-,-,準2級,-
be used to Ving,Vするのに慣れている,-,-,熟語,動詞,used to V(原型)（Vするのに慣れている）と間違えないように注意,-,準2級,-
be without,無い, wɪðὰʊt,-,熟語,-,-,-,準2級,-
bear A in mind,Aを頭に入れておく,-,-,熟語,-,-,-,準2級,-
bear in mind that S V.,SがVするのを頭に入れておく,-,-,熟語,-,-,-,準2級,-
because of,"～のために, ～のせいで",-,-,熟語,前置詞,-,-,準2級,-
beforehand,前もって,-,-,副詞,-,-,-,準2級,-
belongings,手荷物,-,-,名詞,-,-,-,準2級,-
board,委員会,-,-,名詞,-,-,-,準2級,-
boring,（物が）退屈させる、つまらない,-,-,形容詞,-,-,-,準2級,-
bored,（人が）うんざりした、退屈した,-,-,形容詞,-,-,-,準2級,-
burn,燃える、燃やす,-,-,動詞,-,-,-,準2級,-
break down,故障する,-,-,熟語,-,-,-,準2級,-
break the ice,緊張をほぐす,-,-,熟語,-,-,-,準2級,-
bring up N,Nを育てる,-,-,熟語,-,-,-,準2級,-
burst into A,突然～し始める,-,-,熟語,-,-,-,準2級,-
burst in A,急に入ってくる,-,-,熟語,-,-,-,準2級,-
burst out A,突発する,-,-,熟語,-,-,-,準2級,-
burst on A, 突然現れる,-,-,熟語,-,-,-,準2級,-
"By the time S1 V1p, S2 had (already) V2 pp.",S1がV1した時にS2は（既に）V2していた,-,-,熟語,構文,"V1pは過去単純形, V2ppは過去完了形",-,準2級,-
call off N, Nを中止にする,-,-,熟語,動詞,-,-,準2級,-
call for A,Aを要求する,-,-,熟語,-,-,-,準2級,-
call up A,Aに電話をかける,-,-,熟語,-,-,-,準2級,-
call in A,A（場所）に立ち寄る,-,-,熟語,-,-,-,準2級,-
can I ask you a favor?,ちょっとお願いがあるのですが,-,-,熟語,-,-,-,準2級,-
cannot fail to A,必ずAする（必ず失敗しない）,-,-,熟語,-,-,-,準2級,-
cannot help but V,Vせざるを得ない,-,-,熟語,-,-,-,準2級,-
cannot help Ving,Vせざるを得ない,-,-,熟語,-,-,-,準2級,-
change A into B,AをBに変える,-,-,熟語,-,-,-,準2級,-
checking account,当座預金口座,-,-,熟語,名詞,-,-,1級,-
classic,最高水準の、古典的な、由緒のある, klˈæsɪk,-,形容詞,-,-,-,準2級,-
colleague,同僚,-,-,名詞,-,-,-,準2級,-
come to V,Vするようになる,-,-,熟語,動詞,-,-,準2級,-
come up with an idea,案を考え出す,-,-,熟語,動詞,-,-,準2級,-
come across,ばったり会う,-,-,熟語,動詞,-,-,準2級,-
come down,（高いところから）降りてくる、（都会・北方から田舎・南方へ）来る,-,-,熟語,動詞,-,-,準2級,-
come true,実現する,-,-,熟語,動詞,-,-,準2級,-
come by,手に入れる,-,-,熟語,動詞,-,-,準2級,-
compete,競争する,kəmpíːt,-,動詞,-,-,-,準2級,-
competent,有能な, kὰmpətnt,-,形容詞,-,-,-,準2級,-
competition,競争,kὰmpətíʃən,-,名詞,-,-,-,準2級,-
competitive,競争力のある,kəmpéṭəṭɪv,-,形容詞,-,-,-,準2級,-
competitively,競合的に,kʌˈmpɛtɪtɪvli,-,副詞,-,-,-,準2級,-
competitor,競争相手,əmpéṭəṭɚ,-,名詞,-,同義語：rival(rάɪv(ə)l),-,準2級,-
complicated,複雑な,-,-,形容詞,-,-,-,準2級,-
consist of,～から構成される,-,-,熟語,-,-,-,準2級,-
consumption,消費,-,-,名詞,-,-,-,準2級,-
contribute,寄付する、与える, kəntríbjʊt,-,動詞,-,-,-,準2級,-
contribution,寄付、寄贈、貢献, kὰntrəbjúːʃən,-,名詞,-,-,-,準2級,-
conversion,転換、変換,kənvˈɚːʒən,-,名詞,-,-,-,準2級,-
convert,変える、変わる,kənvˈɚːt,-,動詞,-,-,-,準2級,-
convert A into B,AをBに変える,-,-,熟語,-,-,-,準2級,-
condominium,マンション,-,-,名詞,-,-,-,準2級,-
day,1日、日中,-,-,名詞,-,-,-,準2級,-
decide to V,Vすることを決める,-,-,熟語,-,-,-,準2級,-
decline N,Nを断る,-,-,動詞,-,丁重に断るような意味,-,準2級,-
delight,喜ばせる,-,-,動詞,-,-,-,準2級,-
depend on N,Nに依存する,-,-,熟語,動詞,-,-,準2級,-
despite N,Nにもかかわらず,-,-,前置詞,-,-,-,準2級,-
despite of A,Aにもかかわらず,-,-,熟語,-,-,-,準2級,-
different from N,Nと違う,-,-,熟語,-,-,-,準2級,-
different from N,Nと異なる,-,-,熟語,-,-,-,準2級,-
do my best,"努力する, ベストを 尽くす",-,-,熟語,動詞,-,-,準2級,-
Do you mind if A,Aしても構いませんか？,-,-,熟語,動詞,"No,I don't mindで肯定（構いませんよ）",-,準2級,-
doesn't work properly.,うまく動かない,-,-,熟語,-,-,-,準2級,-
drop in at N,Nに立ち寄る,-,-,熟語,-,-,-,準2級,-
due to A,"～のために, ～のせいで",-,-,熟語,前置詞,because of、owing toよりフォーマルな言い方,-,準2級,-
employ,雇用する、使用する、雇用,ɪmplˈɔɪ,-,動詞,-,-,-,準2級,-
employee,従業員,-,-,名詞,-,-,-,準2級,-
employer,雇い主,-,-,名詞,-,-,-,準2級,-
employment,雇用/使用/職, ɪmplˈɔɪmənt,-,名詞,-,-,-,準2級,-
even,～さえ,-,-,副詞,-,-,-,準2級,-
expanse,[陸地・空・海などの]広がり、広々とした場所, ɪkspˈæns,-,名詞,-,-,-,準2級,-
expenditure,費用,-,-,名詞,-,-,-,準2級,-
experience,経験,-,-,名詞,-,-,-,準2級,-
expel,追い出す,-,-,動詞,-,-,-,準2級,-
experiment,実験する,-,-,動詞,-,-,-,準2級,-
feel like Ving,Vしたい気分だ,-,-,熟語,動詞,-,-,準2級,-
feel stressed,ストレスを感じる,-,-,熟語,-,-,-,準2級,-
for a while,しばらくの間,-,-,熟語,-,-,-,準2級,-
for or against,賛成か反対か,-,-,熟語,-,-,-,準2級,-
From now on,今後ずっと,-,-,熟語,-,-,-,準2級,-
general,一般の、全般的な,-,-,形容詞,-,-,-,準2級,-
generally speaking, 一般的に,-,-,熟語,-,-,-,準2級,-
gentle,優しい、温和な,-,-,形容詞,-,-,-,準2級,-
get in touch with A,Aに連絡する,-,-,熟語,動詞,-,-,準1級,-
give O a ride to N,O（人）を N（場所） まで乗せていく,-,-,熟語,-,-,-,準2級,-
go on a business trip to N,Nへ出張する,-,-,熟語,-,-,-,準2級,-
go on a diet,ダイエットをする,-,-,熟語,-,-,-,準2級,-
go on a trip,Nへ旅行する,-,-,熟語,-,-,-,準2級,-
god,神, gάd,-,名詞,-,-,-,準2級,-
gradual,徐々の,-,-,形容詞,-,-,-,準2級,-
graduate from N,Nを卒業する,-,-,熟語,-,-,-,準2級,-
had better V,Vした方がいい,-,-,熟語,助動詞,助動詞の後は動詞の原形Vを置く,-,準2級,-
have O Vpp,OをVppしてもらう,-,-,熟語,-,-,-,準2級,-
hand in N,Nを提出する,-,-,熟語,-,-,-,準2級,-
have (got) to V, Vしなければならない,-,-,熟語,-,-,-,準2級,-
have a (bad) headache,（ひどい）頭痛です,-,-,熟語,-,-,-,準2級,-
have a fever,熱がある,-,-,熟語,-,-,-,準2級,-
have a gift for N,Nの才能がある,-,-,熟語,-,-,-,準2級,-
have A in common with B,Bと共通のAがある,-,-,熟語,-,-,-,準2級,-
have a large population,人口が多い,-,-,熟語,-,英語では人口は規模と扱うので、「多い・少ない」ではなく「大きい・小さい」で表,-,準2級,-
have no choice but to V,Vする他ない,-,-,熟語,-,-,-,準2級,-
have no option but to V,Vする他ない,-,-,熟語,-,-,-,準2級,-
hear,聞こえてくる,-,-,動詞,-,-,-,準2級,-
hearing,聞き取り,-,-,名詞,-,-,-,準2級,-
Heaven,天, ˈhɛvʌn,-,名詞,-,-,-,準2級,-
heavy traffic (jam),渋滞,-,-,熟語,-,-,-,準2級,-
help yourself,うぞ食べて下さい,-,-,熟語,-,-,-,準2級,-
household,家計,-,-,名詞,-,-,-,準2級,-
hover over,覆いかぶさる、徘徊する,-,-,熟語,-,-,-,準2級,-
How about Ving？,Vしませんか？,-,-,熟語,-,-,-,準2級,-
How come S V?,どうしてSがVするの？,-,-,熟語,-,whyと同じ,-,準2級,-
How do you like N?,Nはどう（気にいってる）？,-,-,熟語,-,-,-,準2級,-
I will miss you a lot,寂しくなる,-,-,熟語,-,-,-,準2級,-
I’m afraid,あいにく,-,-,熟語,-,-,-,準2級,-
I’m relieved to hear that.,それは心強い、安心した,-,-,熟語,-,-,-,準2級,-
if A,Aかどうか,-,-,接続詞,-,-,-,準2級,-
If only S Vp,SがVさえすればなあ,-,-,熟語,-,-,-,準2級,-
in advance,前もって,-,-,熟語,副詞,-,-,準2級,-
in order,順番に,-,-,熟語,-,-,-,準2級,-
in progress,進行中,-,-,熟語,-,-,-,準2級,-
in the distance,遠くに,-,-,熟語,-,-,-,準2級,-
in time,時間内に[間に合う],-,-,熟語,-,-,-,準2級,-
in turn,順番に,-,-,熟語,-,-,-,準2級,-
interview,面接する、[人と]面接する、面接, ínṭɚvjùː,-,動詞,-,-,-,準2級,-
interviewee,面接を受ける人,-,-,名詞,-,-,-,準2級,-
interviewer,面接官,-,-,名詞,-,-,-,準2級,-
It depends on N,N次第である,-,-,熟語,動詞,-,-,準2級,-
It depends.,物（ 内容）による,-,-,熟語,-,-,-,準2級,-
It is no use crying over spilt milk.,覆水盆に返らず,-,-,熟語,-,済んだことを後悔しても仕方がない,-,準2級,-
It is no use Ving.,Vしても無駄である,-,-,熟語,-,-,-,準2級,-
It’s better to V.,Vした方がいい,-,-,熟語,-,-,-,準2級,-
It’s time to V.,そろそろVする頃だ,-,-,熟語,-,-,-,準2級,-
jealous,嫉妬深い,-,-,形容詞,-,-,-,準2級,-
keep A in mind,Aを頭に入れておく,-,-,熟語,-,-,-,準2級,-
keep in touch,連絡を取り合う,-,-,熟語,-,-,-,準2級,-
leave ,去る、そのままにする,-,-,動詞,-,-,-,準2級,-
leave A for B,Bに向けてAを出る,-,-,熟語,動詞,-,-,準2級,-
leave A for B,,-,-,熟語,-,Bに向けてAを出発する,-,準2級,-
leave O behind,Oを忘れる,-,-,熟語,動詞,-,-,準2級,-
leave school early,学校を早退する,-,-,熟語,-,-,-,準2級,-
Let’ s V.,Vしましょうよ。,-,-,熟語,-,-,-,準2級,-
lie,横たわる,-,-,動詞,-,ie-lay-lain,-,準2級,-
lie,嘘を付く,-,-,動詞,-,lie-lied-lied,-,準2級,-
listen,[集中して]聞く,-,-,動詞,-,-,-,準2級,-
listener,聞き手,-,-,名詞,-,-,-,準2級,-
listening,聞き取り,-,-,名詞,-,-,-,準2級,-
look at,[集中して]見る,-,-,熟語,-,-,-,準2級,-
look forward to Ving,Vすることを楽しみにする,-,-,熟語,-,-,-,準2級,-
look like N,Nと似ている,-,-,熟語,動詞,likeは前置詞なので、 後に前置詞が入ってこない,-,準2級,-
look similar to N,Nと似ている,-,-,熟語,動詞,-,-,準2級,-
loose,放つ、緩める,-,-,動詞,-,-,-,準2級,-
lose,失う,-,-,動詞,-,-,-,準2級,-
major in N,Nを専攻する,-,-,熟語,動詞,-,-,準2級,-
make a call,電話する,-,-,熟語,動詞,-,-,準2級,-
make a reservation for N,Nの予約をする,-,-,熟語,動詞,-,-,準2級,-
make a bow,おじぎする,-,-,熟語,動詞,-,-,準2級,-
make it (to N),（ N に） 来る、 間に合う,-,-,熟語,動詞,-,-,準2級,-
make use of N,Nを利用する,-,-,熟語,動詞,-,-,準2級,-
May I ask you a favor?,ちょっとお願いがあるのですが,-,-,熟語,-,-,-,準2級,-
midst,[真ん]中、最中, mídst,ミストウ,名詞,-,-,-,準2級,-
mind your (own) business,大きなお世話だ,-,-,,-,-,-,準2級,-
none of your business,大きなお世話だ,-,-,,-,-,-,準2級,-
move into N,N（家など）に引っ越す,-,-,熟語,動詞,-,-,準2級,-
move to N,N（地名など）に引っ越す,-,-,熟語,動詞,-,-,準2級,-
must V without fail,必ずVしなければならない,-,-,熟語,動詞,-,-,準2級,-
nevertheless,やはり、それでも,-,-,副詞,-,-,-,準2級,-
nowadays,最近,-,-,熟語,-,-,-,準2級,-
"Ns such as A, B and C","A, B, CのようなNs",-,-,熟語,名詞,-,-,準2級,-
occasionally,時々,-,-,副詞,-,-,-,準2級,-
on one's way (to) A from B,BからAへの途中に,-,-,熟語,-,-,-,準2級,-
on time,時間通りに,-,-,熟語,-,-,-,準2級,-
on time,ちょうど時間内に,-,-,熟語,-,-,-,準2級,-
once A,,-,-,,-,-,-,準2級,-
only to you,あなただけに,-,-,熟語,-,-,-,準2級,-
over coffee,コーヒーでも飲みながら,,-,熟語,-,-,-,準2級,-
paperwork,事務仕事,-,-,熟語,-,-,-,準2級,-
parking lot,駐車場,-,-,熟語,-,-,-,準2級,-
part,部分、割合、編、分かれる、分ける, pɑ’ɚt,-,名詞,-,-,-,準2級,-
partaker,一部分,-,-,名詞,-,-,-,準2級,-
participant,参加者、関係者, pɑɚtísəp(ə)nt,-,名詞,-,同義語：participator,-,準2級,-
participate,参加する、関係する, pɑɚtísəpèɪt,-,名詞,-,-,-,準2級,-
participation,参加・関与, pɑɚtìsəpéɪʃən,-,名詞,-,-,-,準2級,-
partly,一部分は, pάɚtli,-,形容詞,-,-,-,準2級,-
pay attention to N,Nに注意を払う,-,-,熟語,-,-,-,準2級,-
Please do not V,Vしないで,-,-,熟語,命令,-,-,準2級,-
plenty of,多くの,-,-,熟語,-,-,-,準2級,-
prefer,好む,-,-,動詞,-,-,-,準2級,-
put off A until B,AをBまで延期する,-,-,熟語,-,-,-,準2級,-
put on N,Nを着る,-,-,熟語,-,-,-,準2級,-
put up with N,Nに耐える,-,-,熟語,-,standと同じ意味,-,準2級,-
quit Ving,Vするのをやめる（継続的）,-,-,熟語,-,習慣的にやめる（例：タバコをやめる）,-,準2級,-
recover from an illness,病気が回復する,-,-,熟語,-,-,-,準2級,-
refuse N,Nを断る,-,-,動詞,-,強く断るような意味,-,準2級,-
reject N,Nを断る,-,-,動詞,-,強く断るような意味,-,準2級,-
relief,安心,-,-,名詞,-,-,-,準2級,-
rely on N,Nに依存する,-,-,熟語,動詞,-,-,準2級,-
remind A of B,A（人）に B（物）を思い出させる,-,-,熟語,動詞,-,-,準2級,-
right away,早速,-,-,熟語,-,-,-,準2級,-
S 1 V 1 so that S 2 can V 2,S2がV2できるようにS1がV1する,-,-,熟語,動詞,-,-,準2級,-
S be delayed,Sが遅延する,-,-,熟語,動詞,-,-,準2級,-
S be/have sold out,Sが売り切れた,-,-,熟語,動詞,-,-,準2級,-
same as N,Nと同じ,-,-,熟語,-,-,-,準2級,-
see,みえる,-,-,動詞,-,-,-,準2級,-
see A off,Aを見送る,-,-,熟語,動詞,see off Aも同じ,-,準2級,-
see good,良いと思う,-,-,熟語,動詞,-,-,準2級,-
seldom,めったに～しない,-,-,副詞,-,-,-,準2級,-
sill,つまらない,-,-,形容詞,-,-,-,準2級,-
sit up all night to V,徹夜でVする,-,-,熟語,動詞,-,-,準2級,-
slight,少しの、わずかな,-,-,熟語,形容詞,-,-,準2級,-
sluggish,不振な、不景気の,-,-,形容詞,-,-,-,準2級,-
so 形容詞／副詞 that S V,余りにも～なのでSVする,-,-,熟語,動詞,-,-,準2級,-
spend O Ving,VするのにO(お金など)を費やす,-,-,熟語,動詞,-,-,準2級,-
stay up all night to V,徹夜でVする,-,-,熟語,動詞,-,-,準2級,-
stand for,Aを表す,-,-,熟語,動詞,-,-,準2級,-
stand by,Aを支援する,-,-,熟語,動詞,-,-,準2級,-
stand off,Aを撃退する,-,-,熟語,動詞,-,-,準2級,-
stand in,Aの代役を務める,-,-,熟語,動詞,-,-,準2級,-
stop Ving,Vするのをやめる（一時的）,-,-,熟語,動詞,一時的にやめる（例：ゲームを中断する）,-,準2級,-
study abroad,留学する,-,-,熟語,動詞,-,-,準2級,-
study abroad,留学する,-,-,熟語,動詞,-,-,準2級,-
such (a) 形容詞 ＋ 名詞 that S V,余りに（形）な（名）なのでSがVする,-,-,熟語,動詞,-,-,準2級,-
suffer in A,Aで苦しんでいる,-,-,熟語,動詞,-,-,準2級,-
take a course,受講する,-,-,熟語,動詞,-,-,準2級,-
take a nap,昼寝をする,-,-,熟語,動詞,-,-,準2級,-
take a walk,散歩する,-,-,熟語,動詞,-,-,準2級,-
take care of N,Nを処理する/世話する,-,-,熟語,-,-,-,準2級,-
take off N,Nを脱ぐ,-,-,熟語,-,-,-,準2級,-
That’s why S V.,だから、SがVする,-,-,熟語,-,-,-,準2級,-
there is something wrong with A,Aの調子が悪い,-,-,熟語,-,There is something+形容詞＋about＋名詞「（名詞）には（形容詞）なところがある」,-,準2級,-
through[throughout] the year,年中,-,-,熟語,名詞,-,-,準2級,-
"To begin with, S V",初めにSはVする,-,-,熟語,-,-,-,準2級,-
"To start with, S V",初めにSはVする,-,-,熟語,-,-,-,準2級,-
tough,厳しい、頑固な,-,-,熟語,-,-,-,準2級,-
trade with N,Nと取引する,-,-,熟語,-,-,-,準2級,-
try my best,"努力する, ベストを 尽くす",-,-,熟語,動詞,-,-,準2級,-
try on N（衣類）,（衣類）を試着する,-,-,熟語,動詞,-,-,準2級,-
turn,回転する、回転させる、回転, tˈɚːn,-,動詞,-,-,-,準2級,-
turn A into B,AをBに変える,-,-,熟語,-,-,-,準2級,-
turn down N,Nを断る,-,-,熟語,動詞,丁重に断るような意味,-,準2級,-
turn O on,Oを興奮させる,-,-,熟語,-,-,-,準2級,-
turn on A,Aをひねって開ける/つける,-,-,熟語,-,-,-,準2級,-
under repair,修理中,-,-,熟語,-,-,-,準2級,-
unlike,～とちがって,-,-,前置詞,-,-,-,準2級,-
up to you,あなた次第,-,-,熟語,-,-,-,準2級,-
usage,[装置などの]使用法,-,-,名詞,-,-,-,準2級,-
use,利用する、[能力などの]利用法, júːz,-,動詞,-,-,-,準2級,-
used to V（原形）,かつてはVしたものだ,-,-,熟語,動詞,be used to Vimg（かつてはVしたものだ）と間違えないように注意,-,準2級,-
utilize,利用する、利用、, júːtəlàiz,-,動詞,-, useをカッコつけて話す,-,準2級,-
void,空(から)の、無効の, vˈɔɪd,-,形容詞,-,-,-,準2級,-
wantad,求人広告,-,-,熟語,-,-,-,準2級,-
watch,[注意して]見る,-,-,動詞,-,-,-,準2級,-
What do you say to Ving?,Vするのはどう？,-,-,熟語,-,toは前置詞 なので動名詞になる,-,準2級,-
What is A like?,Aはどんな感じですか？,-,-,熟語,動詞,like（前置詞：～のような）,-,準2級,-
What is A like?,Aはどんな感じ？,-,-,熟語,-,-,-,準2級,-
When it comes to Ving,Vするとなると,-,-,熟語,-,toは前置詞なので、直後に置く動詞は動名詞,-,準2級,-
whenever,～する時はいつでも,-,-,接続詞,-,-,-,準2級,-
whether A or not,Aかどうか,-,-,熟語,接続詞,-,-,準2級,-
Why don’t we V?,Vしませんか？,-,-,熟語,動詞,-,-,準2級,-
Why don’t we V?,Vするのはどう？,-,-,熟語,動詞,-,-,準2級,-
Why don’t we V?,Vしませんか？,-,-,熟語,動詞,-,-,準2級,-
Why don’t you V?,Vしませんか？,-,-,熟語,動詞,-,-,準2級,-
will be held,開催される予定だ,-,-,熟語,動詞,-,-,準2級,-
with one’ s arms folded,腕組みしながら,-,-,熟語,-,前置詞withは「～しながら」の意味,-,準2級,-
Would you like to V?,Vするのはどう？,-,-,熟語,動詞,-,-,準2級,-
Would you like to V？,Vしませんか？,-,-,熟語,動詞,-,-,準2級,-
Would you mind my( me) Ving?,Vしても良いですか？,-,-,熟語,動詞,「良いよ」と答えるときは「No」。my( me) は省略可。,-,準2級,-
Would you V?,Vしてくれますか？,-,-,熟語,動詞,-,-,準2級,-
You are welcome,どういたしまして,-,-,熟語,-,-,-,準2級,-
You can say that again.,その通りです。,-,-,熟語,動詞,-,-,準2級,-
You can’t miss it.,すぐに見つかりますよ,-,-,熟語,動詞,-,-,準2級,-
You have the wrong number.,間違い電話,-,-,熟語,-,-,-,準2級,-
get under,～の下に入る,-,-,熟語,動詞,-,-,準2級,-
get out,外へ出る,-,-,熟語,動詞,-,-,準2級,-
get off,(乗り物から）降りる,-,-,熟語,動詞,-,-,準2級,-
get down,（馬などから）降りる,-,-,熟語,動詞,-,-,準2級,-
all the same,それでも,-,-,熟語,副詞,-,-,準2級,-
back and forth,前後に、あちこちに,-,-,熟語,副詞,-,-,準2級,-
upset,同様している,-,-,形容詞,-,-,-,準2級,-
may have seen,見たかもしれない,-,-,熟語,動詞,-,-,準2級,-
wheat,小麦,-,フヮィートゥ,名詞,-,-,-,準2級,-
be made of A,Aから作られる,-,-,熟語,動詞,原材料が原型を留めている場合はof,-,準2級,-
be made from A,Aから作られる,-,-,熟語,動詞,パンと小麦など原材料が原型を留めていない場合はfrom,-,準2級,-
day after tomorrow,明後日,-,-,熟語,名詞,-,-,準2級,-
day before yesterday,一昨日,-,-,熟語,名詞,-,-,準2級,-
calm down,落ち着く,-,-,熟語,-,-,-,準2級,-
even though A,たとえAでも,-,-,熟語,-,-,-,準2級,-
break down,～を壊す、つぶす、故障する、壊れる,-,-,熟語,-,-,-,準2級,-
break up,（物や群衆が）ばらばらになる、(関係・友情などが)終わる,-,-,熟語,-,-,-,準2級,-
break into,～に侵入する,-,-,熟語,-,-,-,準2級,-
If it had not been for A,Aがなければ,-,-,熟語,-,without Aと同じ,-,準2級,-
late,遅れる,-,-,形容詞,-,-,-,準2級,-
later,より遅い,-,-,形容詞,-,-,-,準2級,-
latest,一番遅い,-,-,形容詞,-,-,-,準2級,-
latter,後の方の/後半の,-,-,形容詞,-,-,-,準2級,-
cannot have Vpp,Vしたはずがない,-,-,熟語,-,-,-,準2級,-
may not V,Vするかもしれない,-,-,熟語,-,-,-,準2級,-
must have Vpp,Vしたにちがいない,-,-,熟語,-,-,-,準2級,-
should V,Vすべきだ,-,-,熟語,-,-,-,準2級,-
talk over a cup of tea,お茶を飲みながら話す,-,-,熟語,-,-,-,準2級,-
was surprised at A,Aに驚いた,-,-,熟語,-,astonished、amazed、astounded、shocked、startled、stunned、wondered、marveled（左ほど強い驚きを表す）の同意義語も同じくatがつく,-,準2級,at（感情の原因）
be glad at/with A,Aを見て・聞いて・知ってうれしい,-,-,熟語,-,glad以外にも「pleased at/with」「delighted at/with」「satisfied （withのみ）」などの同様の意味をもつ,-,準2級,at（感情の原因）
be rejoiced at/in A,Aのことで怒る・イライラする,-,-,熟語,-,他にも「angry at/about」「was offended at」「was annoyed at」「irritated at」などが使われます。,-,準2級,at（感情の原因）
robbed A of B,A（場所）から B（金・物）を奪う,-,-,熟語,-,-,-,準2級,of（除去・奪取）
deprive A of B,A（人・物）から B（人・物・地位・慰安・能力）などを奪う,-,-,熟語,-,-,-,準2級,of（除去・奪取）
strip A of B,A（場所・人）から B（物・権利など,-,-,熟語,-,-,-,準2級,of（除去・奪取）
rid A of B,A（物）から B（有害・無用なもの）を取り除く,-,-,熟語,-,-,-,準2級,of（除去・奪取）
cure A of B,A（人）から B（病気・弊害悪癖）を除く,-,-,熟語,-,-,-,準2級,of（除去・奪取）
eased A of B,A（心・体など）から B（苦痛・重荷など）を取り除いて楽にする,-,-,熟語,-,-,-,準2級,of（除去・奪取）
relieve A of/from B,A（人）から B（心配・苦痛・やっかいな物）を取り除いて安心させる,-,-,熟語,-,-,-,準2級,of（除去・奪取）
cleared A of B,A（場所）から B（邪魔なもの）を取り除く,-,-,熟語,-,-,-,準2級,of（除去・奪取）
empty A of B,A（容器）から B（中身）を取り出す,-,-,熟語,-,-,-,準2級,of（除去・奪取）
be bare of A,A（場所）に～がない,-,-,熟語,-,-,-,準2級,of（除去・奪取）
be clear of A,A（都合の悪いもの）がない,-,-,熟語,-,-,-,準2級,of（除去・奪取）
be free of A ,当然義務的に負うべきもの・不快なもの）がない,-,-,熟語,-,-,-,準2級,of（除去・奪取）
remove A from B,A（物・汚れ・疑い・恐れなど）を B（物・場所）から取り除く,-,-,熟語,-,-,-,準2級,of（除去・奪取）
be sure of A,Aを確信している,-,-,熟語,-,-,-,準2級,of（知覚の対象）
be certain of A,Aを確信している：sure より客観的で、確かな理由があることを含意,-,-,熟語,-,-,-,準2級,of（知覚の対象）
be confident of,Aを確信している：強意的,-,-,熟語,-,-,-,準2級,of（知覚の対象）
be persuaded of,Aを確信している：堅い語,-,-,熟語,-,-,-,準2級,of（知覚の対象）
be convinced of,Aを確信している：強意的,-,-,熟語,-,-,-,準2級,of（知覚の対象）
be assured of A,Aを確信している：堅い語,-,-,熟語,-,-,-,準2級,of（知覚の対象）
be satisfied of,Aを確認している：文語,-,-,熟語,-,-,-,準2級,of（知覚の対象）
be positive of A,Aに自信がある,-,-,熟語,-,-,-,準2級,of（知覚の対象）
know of,～のことを知っている,-,-,熟語,-,-,-,準2級,of（知覚の対象）
be aware of A,Aに感覚的に気づいている：内面的ではなく外面の観察・情報から,-,-,熟語,-,-,-,準2級,of（知覚の対象）
be conscious of A,Aを意識している：内面的,-,-,熟語,-,-,-,準2級,of（知覚の対象）
be sensible of A,Aを認識している：堅い語,-,-,熟語,-,-,-,準2級,of（知覚の対象）
be informed of A,Aを知っている：堅い語,-,-,熟語,-,-,-,準2級,of（知覚の対象）
be reminded of A,Aを思い出す,-,-,熟語,-,-,-,準2級,of（知覚の対象）
look for A,Aを捜す,-,-,熟語,-,-,-,準2級,for（追求・願望）
search for A,Aを捜す,-,-,熟語,-,-,-,準2級,for（追求・願望）
seek for A,Aを捜す（堅い語）,-,-,熟語,-,-,-,準2級,for（追求・願望）
feel for A,Aを手探りで捜す,-,-,熟語,-,-,-,準2級,for（追求・願望）
fumble for A,Aを手探りで捜す,-,-,熟語,-,-,-,準2級,for（追求・願望）
hunt for A,Aを捜し求める（くだけた語）,-,-,熟語,-,-,-,準2級,for（追求・願望）
ask for A,Aを求める,-,-,熟語,-,-,-,準2級,for（追求・願望）
hope for A,Aを望む,-,-,熟語,-,-,-,準2級,for（追求・願望）
wish for A,Aを望む（容易に得られないもの）,-,-,熟語,-,-,-,準2級,for（追求・願望）
long for A,Aを切望する（思いこがれる）,-,-,熟語,-,-,-,準2級,for（追求・願望）
pine for A,Aを切望する（思いこがれる）,-,-,熟語,-,-,-,準2級,for（追求・願望）
be zealous for A,Aを熱望している（堅い語）,-,-,熟語,-,-,-,準2級,for（追求・願望）
take A for B,AをBだと思う,-,-,熟語,-,-,-,準2級,for（交換・代償・代用）
mistook A for B,AをBだと誤って思う,-,-,熟語,-,-,-,準2級,for（交換・代償・代用）
give A up for B,AをBだとあきらめる,-,-,熟語,-,-,-,準2級,for（交換・代償・代用）
make up for A,Aの埋め合わせをする、補う,-,-,熟語,-,-,-,準2級,for（交換・代償・代用）
known for A,Aとして知られている,-,-,熟語,-,-,-,準2級,for（原因・理由）
famous for A,Aとして有名な,-,-,熟語,-,-,-,準2級,for（原因・理由）
celebrated for A,Aとして名高い：famous より堅い語,-,-,熟語,-,-,-,準2級,for（原因・理由）
blame A for B,A を B のことで非難する,-,-,熟語,-,-,-,準2級,for（原因・理由）
thank A for B,A に B のことで感謝する,-,-,熟語,-,-,-,準2級,for（原因・理由）
praise A for B,A を B のことでほめる,-,-,熟語,-,-,-,準2級,for（原因・理由）
punish A for B,A を B のことで罰する,-,-,熟語,-,-,-,準2級,for（原因・理由）
forgive A for B,A の B(罪)を許す,-,-,熟語,-,-,-,準2級,for（原因・理由）
for A reason,Aの理由で,-,-,熟語,-,-,-,準2級,for（原因・理由）
in case of A,Aの場合,-,-,熟語,-,-,-,準2級,-
in need of A,Aを必要として,-,-,熟語,-,-,-,準2級,-
