0,test,C:/github/sample/python/file\result.csv
0,tes,C:/github/sample/python/file\result.csv
1,tes,C:/github/sample/python/file\result.csv
2,tes,C:/github/sample/python/file\result.csv
3,tes,C:/github/sample/python/file\result.csv
4,test,C:/github/sample/python/file\result.csv
4,tes,C:/github/sample/python/file\result.csv
5,tes,C:/github/sample/python/file\result.csv
6,tes,C:/github/sample/python/file\result.csv
7,tes,C:/github/sample/python/file\result.csv
8,test,C:/github/sample/python/file\result.csv
8,tes,C:/github/sample/python/file\result.csv
9,tes,C:/github/sample/python/file\result.csv
10,tes,C:/github/sample/python/file\result.csv
11,tes,C:/github/sample/python/file\result.csv
12,test,C:/github/sample/python/file\result.csv
12,tes,C:/github/sample/python/file\result.csv
13,tes,C:/github/sample/python/file\result.csv
14,tes,C:/github/sample/python/file\result.csv
15,test,C:/github/sample/python/file\result.csv
15,tes,C:/github/sample/python/file\result.csv
16,tes,C:/github/sample/python/file\result.csv
17,tes,C:/github/sample/python/file\result.csv
18,test,C:/github/sample/python/file\result.csv
18,tes,C:/github/sample/python/file\result.csv
19,tes,C:/github/sample/python/file\result.csv
20,tes,C:/github/sample/python/file\result.csv
21,test,C:/github/sample/python/file\result.csv
21,tes,C:/github/sample/python/file\result.csv
22,tes,C:/github/sample/python/file\result.csv
23,test,C:/github/sample/python/file\result.csv
23,tes,C:/github/sample/python/file\result.csv
24,tes,C:/github/sample/python/file\result.csv
25,test,C:/github/sample/python/file\result.csv
25,tes,C:/github/sample/python/file\result.csv
26,tes,C:/github/sample/python/file\result.csv
3,test,C:/github/sample/python/file\sample.txt
3,tes,C:/github/sample/python/file\sample.txt
3,test,C:/github/sample/python/file\sample\sample.txt
3,tes,C:/github/sample/python/file\sample\sample.txt
3,test,C:/github/sample/python/file\sample\a\sample.txt
3,tes,C:/github/sample/python/file\sample\a\sample.txt
